NIM,Tahun_Masuk,IPK_Lulus,IP_Sem1,IP_Sem2,IP_Sem3,Kehadiran,MK_Mengulang_Sem3,Cuti_encoded,ukt_map_encoded,Jalur_Masuk_mandiri,Jalur_Masuk_prestasi,Jalur_Masuk_tes,Kelulusan
SI20210001,2021,2.75,3.04,3.44,3.27,80.7,0,0,3,1.0,0.0,0.0,tepat waktu
SI20220002,2022,3.26,2.8,3.59,3.45,78.9,1,0,5,0.0,0.0,1.0,tidak tepat waktu
SI20230003,2023,3.18,3.03,2.6,3.45,82.1,2,0,1,1.0,0.0,0.0,tepat waktu
SI20210004,2021,3.62,3.11,3.85,3.65,94.2,2,0,3,0.0,0.0,1.0,tepat waktu
SI20220005,2022,3.62,3.46,3.67,3.75,93.5,1,0,1,0.0,0.0,1.0,tepat waktu
SI20230006,2023,3.37,3.11,3.51,3.25,87.0,1,0,6,0.0,0.0,1.0,tepat waktu
SI20210007,2021,3.05,2.96,3.1950000000000003,2.82,86.2,2,1,5,0.0,0.0,1.0,tidak tepat waktu
SI20230008,2023,3.49,3.25,3.72,3.59,75.6,1,0,3,0.0,0.0,1.0,tepat waktu
SI20220009,2022,3.46,3.1,3.52,3.43,88.6,1,1,5,0.0,0.0,1.0,tidak tepat waktu
SI20230010,2023,3.8,3.67,3.97,3.86,90.9,0,0,5,0.0,0.0,1.0,tepat waktu
SI20220011,2022,2.99,2.93,2.88,3.08,84.7,2,0,4,1.0,0.0,0.0,tidak tepat waktu
SI20220012,2022,2.93,2.98,2.71,2.67,86.1,2,0,4,0.0,0.0,1.0,tidak tepat waktu
SI20210013,2021,2.75,2.67,2.37,2.71,83.2,1,0,4,0.0,0.0,1.0,tidak tepat waktu
SI20230014,2023,3.48,3.27,3.65,3.7,88.3,2,0,3,0.0,0.0,1.0,tepat waktu
SI20210015,2021,3.41,3.24,3.33,3.31,85.7,0,0,2,1.0,0.0,0.0,tepat waktu
SI20220016,2022,2.75,2.46,2.56,2.91,77.0,3,0,4,0.0,1.0,0.0,tidak tepat waktu
SI20220017,2022,2.97,3.03,3.01,2.92,80.2,1,0,4,0.0,0.0,1.0,tidak tepat waktu
SI20220018,2022,3.32,3.08,3.1950000000000003,3.46,77.8,1,0,4,0.0,1.0,0.0,tidak tepat waktu
SI20230019,2023,2.99,2.57,3.1950000000000003,3.48,99.9,1,0,2,1.0,0.0,0.0,tepat waktu
SI20230020,2023,3.7,3.65,3.77,3.6,81.8,0,0,4,0.0,1.0,0.0,tepat waktu
SI20210021,2021,3.6,3.39,3.84,3.67,92.1,1,0,3,0.0,0.0,1.0,tepat waktu
SI20210022,2021,3.58,3.8,3.51,3.26,81.2,0,0,5,0.0,0.0,1.0,tepat waktu
SI20210023,2021,3.01,3.22,3.42,2.7,82.0,0,0,5,0.0,1.0,0.0,tidak tepat waktu
SI20220024,2022,3.44,3.91,3.61,3.42,79.5,2,1,4,1.0,0.0,0.0,tidak tepat waktu
SI20210025,2021,3.27,3.09,3.17,3.42,72.6,1,0,3,1.0,0.0,0.0,tepat waktu
SI20230026,2023,3.28,3.21,3.21,3.11,73.9,0,0,3,1.0,0.0,0.0,tidak tepat waktu
SI20210027,2021,3.33,3.37,3.24,3.32,81.9,3,0,3,0.0,0.0,1.0,tidak tepat waktu
SI20210028,2021,3.18,2.77,3.23,3.36,80.2,2,0,5,0.0,0.0,1.0,tidak tepat waktu
SI20220029,2022,3.28,2.91,3.1950000000000003,3.43,83.5,1,0,4,0.0,0.0,1.0,tepat waktu
SI20230030,2023,2.98,2.47,2.94,3.13,74.5,1,0,4,1.0,0.0,0.0,tidak tepat waktu
SI20230031,2023,3.21,3.04,3.1,3.32,78.9,2,0,5,0.0,1.0,0.0,tidak tepat waktu
SI20230032,2023,3.24,3.15,3.18,3.3,85.9,0,0,2,0.0,0.0,1.0,tepat waktu
SI20220033,2022,3.28,3.45,3.12,2.95,87.8,0,0,3,1.0,0.0,0.0,tidak tepat waktu
SI20220034,2022,3.24,2.95,3.33,2.86,82.0,1,1,4,1.0,0.0,0.0,tidak tepat waktu
SI20210035,2021,2.94,3.22,2.92,2.85,80.8,2,0,4,0.0,0.0,1.0,tidak tepat waktu
SI20220036,2022,3.58,3.59,3.97,3.09,73.6,2,0,4,0.0,0.0,1.0,tepat waktu
SI20220037,2022,3.29,3.52,3.26,3.25,88.0,2,0,1,0.0,0.0,1.0,tidak tepat waktu
SI20220038,2022,2.98,2.47,2.94,3.34,68.5,2,0,4,0.0,0.0,1.0,tidak tepat waktu
SI20210039,2021,3.23,3.28,3.08,3.0,79.8,1,0,4,0.0,1.0,0.0,tidak tepat waktu
SI20220040,2022,3.32,3.3,3.28,3.2,84.9,1,0,4,0.0,0.0,1.0,tepat waktu
SI20230041,2023,2.75,2.67,2.73,3.05,77.6,4,0,4,0.0,0.0,1.0,tidak tepat waktu
SI20220042,2022,3.06,3.04,2.93,2.95,87.3,2,0,3,0.0,0.0,1.0,tidak tepat waktu
SI20210043,2021,3.79,3.7,3.86,3.95,96.5,0,0,5,0.0,0.0,1.0,tepat waktu
SI20210044,2021,3.49,3.22,3.7,3.68,86.9,1,0,4,0.0,1.0,0.0,tepat waktu
SI20210045,2021,3.71,3.1,3.47,3.64,76.6,0,0,4,1.0,0.0,0.0,tepat waktu
SI20210046,2021,3.15,3.24,3.1,3.19,84.3,2,0,3,0.0,1.0,0.0,tidak tepat waktu
SI20220047,2022,3.76,3.9,3.54,3.83,95.1,0,0,3,0.0,0.0,1.0,tepat waktu
SI20230048,2023,3.0,3.23,2.92,2.93,76.1,3,0,5,1.0,0.0,0.0,tidak tepat waktu
SI20230049,2023,3.47,3.85,3.26,3.22,94.1,0,0,2,0.0,0.0,1.0,tidak tepat waktu
SI20210050,2021,2.75,2.62,2.58,2.34,74.8,3,0,6,0.0,0.0,1.0,tidak tepat waktu
SI20210051,2021,3.03,3.1,3.12,3.0,85.6,2,0,3,1.0,0.0,0.0,tidak tepat waktu
SI20230052,2023,3.03,3.08,3.31,2.86,80.2,3,0,3,0.0,1.0,0.0,tidak tepat waktu
SI20210053,2021,2.81,2.85,2.89,2.53,89.7,1,0,4,1.0,0.0,0.0,tidak tepat waktu
SI20220054,2022,3.25,3.04,2.93,3.64,90.6,1,0,5,0.0,1.0,0.0,tepat waktu
SI20210055,2021,3.13,2.93,3.25,3.01,80.1,2,0,5,0.0,0.0,1.0,tidak tepat waktu
SI20220056,2022,2.82,2.29,2.76,3.27,80.1,3,0,3,1.0,0.0,0.0,tidak tepat waktu
SI20230057,2023,3.39,3.39,3.37,3.56,82.0,3,0,4,1.0,0.0,0.0,tidak tepat waktu
SI20220058,2022,3.3,3.17,2.94,3.54,91.2,1,0,5,0.0,0.0,1.0,tepat waktu
SI20220059,2022,3.2,2.97,3.5,3.23,82.4,1,0,3,1.0,0.0,0.0,tidak tepat waktu
SI20220060,2022,3.24,3.48,3.06,3.01,80.9,3,0,5,0.0,1.0,0.0,tepat waktu
SI20220061,2022,3.36,3.38,3.33,3.4,82.0,1,0,4,0.0,1.0,0.0,tepat waktu
SI20220062,2022,2.75,2.74,2.75,2.38,75.1,2,0,7,0.0,1.0,0.0,tidak tepat waktu
SI20220063,2022,3.6,4.0,3.49,3.37,78.4,1,0,3,0.0,0.0,1.0,tepat waktu
SI20210064,2021,2.85,3.06,2.67,3.2,80.5,2,0,5,1.0,0.0,0.0,tidak tepat waktu
SI20230065,2023,2.84,2.75,2.93,2.75,83.5,2,0,3,0.0,0.0,1.0,tidak tepat waktu
SI20220066,2022,3.28,3.19,3.54,3.01,83.9,2,1,2,0.0,0.0,1.0,tidak tepat waktu
SI20210067,2021,3.19,3.04,3.07,3.21,81.3,2,0,3,1.0,0.0,0.0,tepat waktu
SI20230068,2023,3.47,3.42,3.1950000000000003,3.45,81.1,1,0,4,0.0,1.0,0.0,tepat waktu
SI20210069,2021,3.24,2.37,2.23,2.78,82.0,4,1,4,1.0,0.0,0.0,tidak tepat waktu
SI20220070,2022,3.77,3.59,3.57,3.89,95.3,0,0,4,0.0,0.0,1.0,tepat waktu
SI20220071,2022,3.44,3.07,3.58,3.27,92.4,1,0,5,0.0,0.0,1.0,tepat waktu
SI20220072,2022,3.36,3.51,3.34,3.15,96.1,1,0,4,0.0,0.0,1.0,tepat waktu
SI20220073,2022,2.78,3.28,2.64,2.59,71.9,3,0,4,1.0,0.0,0.0,tidak tepat waktu
SI20220074,2022,3.3,3.13,3.1,3.63,84.9,1,1,4,0.0,1.0,0.0,tidak tepat waktu
SI20210075,2021,3.34,3.06,3.31,3.88,71.1,2,0,3,0.0,0.0,1.0,tidak tepat waktu
SI20230076,2023,3.19,2.97,3.1950000000000003,3.2,73.8,2,0,4,1.0,0.0,0.0,tidak tepat waktu
SI20210077,2021,3.16,3.1,3.14,3.06,69.5,2,0,3,0.0,1.0,0.0,tidak tepat waktu
SI20210078,2021,3.01,3.0,2.97,2.86,78.2,3,0,7,0.0,0.0,1.0,tidak tepat waktu
SI20230079,2023,2.84,3.04,2.81,2.82,94.8,2,0,1,1.0,0.0,0.0,tidak tepat waktu
SI20230080,2023,3.15,2.72,2.98,3.16,82.4,1,0,6,0.0,1.0,0.0,tepat waktu
SI20210081,2021,2.75,2.86,2.77,2.66,82.2,3,0,3,0.0,1.0,0.0,tidak tepat waktu
SI20230082,2023,3.2,3.13,3.4,3.36,56.0,2,0,3,0.0,0.0,1.0,tidak tepat waktu
SI20230083,2023,3.36,3.44,3.25,3.47,80.0,2,0,4,0.0,1.0,0.0,tidak tepat waktu
SI20230084,2023,3.45,3.71,3.41,3.29,77.4,0,0,4,1.0,0.0,0.0,tepat waktu
SI20210085,2021,2.88,3.1,3.04,3.08,83.4,1,0,6,1.0,0.0,0.0,tidak tepat waktu
SI20210086,2021,3.3,3.1,3.88,3.06,76.5,1,0,2,0.0,1.0,0.0,tepat waktu
SI20210087,2021,2.78,2.69,3.01,2.7,73.2,2,0,3,0.0,1.0,0.0,tidak tepat waktu
SI20230088,2023,3.04,2.97,3.07,3.37,92.0,2,0,3,0.0,0.0,1.0,tidak tepat waktu
SI20230089,2023,3.31,3.68,3.08,3.13,82.0,0,0,4,1.0,0.0,0.0,tepat waktu
SI20210090,2021,3.12,3.02,2.92,2.83,80.9,1,0,1,0.0,0.0,1.0,tidak tepat waktu
SI20220091,2022,2.96,3.01,2.8,2.64,72.0,2,0,3,1.0,0.0,0.0,tidak tepat waktu
SI20230092,2023,3.37,3.53,3.34,3.37,72.3,3,0,4,0.0,0.0,1.0,tidak tepat waktu
SI20230093,2023,3.84,3.98,3.64,3.89,89.2,0,1,5,0.0,1.0,0.0,tidak tepat waktu
SI20210094,2021,3.73,4.0,3.69,3.65,91.3,0,0,5,0.0,1.0,0.0,tepat waktu
SI20220095,2022,3.06,3.19,3.0,3.43,85.8,2,0,3,1.0,0.0,0.0,tidak tepat waktu
SI20230096,2023,3.0,3.1,3.11,3.12,82.0,2,0,6,0.0,0.0,1.0,tidak tepat waktu
SI20230097,2023,3.29,3.59,3.1950000000000003,3.31,78.6,2,1,3,0.0,0.0,1.0,tidak tepat waktu
SI20220098,2022,3.24,2.98,3.27,3.22,81.1,0,0,4,0.0,0.0,1.0,tepat waktu
SI20230099,2023,3.31,2.96,3.82,3.16,80.1,0,0,5,0.0,0.0,1.0,tepat waktu
SI20210100,2021,2.96,3.4,2.97,2.55,86.5,2,0,1,0.0,1.0,0.0,tidak tepat waktu
