,price,lotsize,bedrooms,bathrms,stories,driveway,recroom,fullbase,gashw,airco,garagepl,prefarea
0,756.0,544.05,3,1,2,1,0,1,0,0,1,0
1,693.0,372.0,2,1,1,1,0,0,0,0,0,0
2,891.0,284.58,3,1,1,1,0,0,0,0,0,0
3,1089.0,618.45,3,1,2,1,1,0,0,0,0,0
4,1098.0,591.48,2,1,1,1,0,0,0,0,0,0
5,1188.0,386.88,3,1,1,1,1,1,0,1,0,0
6,1188.0,360.84,3,2,2,1,0,1,0,0,2,0
7,1242.0,386.88,3,1,3,1,0,0,0,0,0,0
8,1508.4,446.4,3,1,1,1,1,1,0,0,0,0
9,1593.0,511.5,3,2,4,1,1,0,0,1,1,0
10,1620.0,669.6,3,2,1,1,0,1,0,1,3,0
11,549.0,279.0,2,1,1,0,0,0,0,0,0,0
12,486.0,158.1,3,1,2,1,0,0,0,0,0,0
13,648.0,267.84,3,1,1,0,0,0,0,0,0,0
14,666.0,334.8,2,1,1,1,0,0,0,0,0,0
15,682.2,296.205,2,1,1,1,0,0,0,1,0,0
16,729.0,306.9,3,1,2,0,0,0,0,0,1,0
17,733.5,483.6,4,1,3,1,0,0,0,0,0,0
18,810.0,320.85,1,1,1,1,0,0,0,0,0,0
19,810.0,370.698,2,2,1,0,1,1,0,0,1,0
20,873.0,445.005,3,1,2,1,1,1,0,1,1,0
21,1186.2,419.43,4,2,2,1,0,1,0,0,0,0
22,682.2,372.0,3,1,2,1,0,0,0,1,0,0
23,684.0,365.862,2,1,1,1,0,0,0,0,0,0
24,756.0,461.28,2,1,1,1,0,0,0,0,0,0
25,761.4,279.0,2,1,2,1,0,0,0,0,0,0
26,783.0,353.4,2,1,1,1,0,0,0,0,0,0
27,792.0,461.28,2,1,1,1,0,1,0,1,0,0
28,801.0,279.0,3,1,1,0,0,0,0,1,0,0
29,808.2,418.5,3,1,2,1,0,0,0,1,0,0
30,810.0,325.5,2,1,1,0,0,1,0,0,0,0
31,864.0,325.5,4,1,2,1,0,0,0,1,2,0
32,882.0,372.0,2,1,1,1,0,0,0,0,0,0
33,927.0,418.5,2,1,1,1,0,0,0,0,0,0
34,1098.0,591.48,2,1,2,1,0,0,0,0,0,0
35,1098.0,418.5,2,1,1,1,0,0,0,1,2,0
36,1110.6,374.976,2,1,1,1,0,1,0,0,0,0
37,1206.0,480.81,3,1,4,1,0,0,0,1,0,0
38,1476.0,502.2,4,2,2,1,0,0,0,1,2,0
39,981.0,292.95,2,2,1,0,0,1,0,0,0,0
40,1197.0,348.285,3,1,2,1,0,1,0,0,0,0
41,1260.0,420.36,3,1,2,1,0,1,0,1,0,0
42,1476.0,431.52,4,1,2,1,0,0,0,0,1,0
43,1656.0,797.9399999999999,5,3,2,1,0,0,0,0,2,0
44,684.0,186.0,2,1,2,1,0,0,0,0,0,0
45,792.0,200.88,3,1,2,0,0,1,0,0,0,0
46,738.0,282.71999999999997,2,1,1,0,0,0,0,0,0,0
47,774.0,287.37,3,1,2,0,0,0,0,0,0,0
48,864.0,461.28,4,1,3,0,0,0,0,0,0,0
49,986.4,311.55,3,1,2,1,0,0,0,0,0,0
50,990.0,492.9,5,2,2,1,0,0,0,0,0,0
51,1026.0,381.3,4,1,1,0,0,1,0,0,0,0
52,1224.0,852.438,2,1,1,1,0,1,0,1,2,0
53,1710.0,375.71999999999997,3,1,2,1,0,1,1,0,1,0
54,684.0,337.59,3,3,2,0,1,0,0,0,0,0
55,450.0,336.66,2,1,1,1,0,0,0,0,0,0
56,454.41,223.2,3,1,1,0,0,0,0,0,0,0
57,1008.0,675.18,3,2,1,1,1,1,0,0,3,0
58,639.0,409.2,3,1,2,1,0,0,0,0,0,0
59,540.0,223.2,3,1,2,1,0,0,0,0,0,0
60,864.0,383.16,2,1,2,1,0,0,0,0,0,0
61,864.0,441.75,2,1,1,1,0,0,0,0,0,0
62,936.0,398.04,2,1,1,1,0,0,0,1,2,0
63,972.0,448.26,3,1,2,1,0,0,0,0,0,0
64,1008.0,511.5,4,1,2,1,1,1,0,0,0,0
65,1080.0,511.5,3,1,2,1,0,0,0,1,0,0
66,1080.0,468.71999999999997,3,1,2,1,0,1,0,1,0,0
67,1206.0,558.0,2,1,1,1,0,1,0,1,1,0
68,846.0,232.5,2,1,1,0,0,0,0,1,0,0
69,1260.0,380.835,3,1,2,0,1,1,0,1,0,0
70,810.0,380.835,2,1,1,1,0,0,0,0,2,0
71,918.0,292.95,3,1,2,1,0,1,0,0,0,0
72,585.0,170.748,2,1,1,0,0,1,0,0,0,0
73,612.0,230.175,3,1,2,1,0,0,0,0,0,0
74,630.0,298.53,3,1,2,1,0,1,0,0,0,0
75,648.0,295.74,3,1,1,0,0,0,0,0,0,0
76,810.0,153.45,3,1,2,0,0,1,0,0,0,0
77,846.0,295.74,4,1,2,1,0,1,0,1,0,0
78,990.0,295.74,2,2,1,1,0,1,0,0,2,0
79,1150.2,591.48,2,1,1,1,0,1,0,1,1,0
80,900.0,394.32,3,1,2,1,0,0,0,1,0,0
81,630.0,301.32,2,1,1,0,1,0,0,0,1,0
82,900.0,339.45,3,1,2,1,0,0,0,0,0,0
83,774.0,301.32,3,1,2,1,0,0,0,0,2,0
84,999.0,351.54,2,1,2,1,1,1,0,0,0,0
85,1026.0,602.64,3,1,2,0,0,0,0,1,1,0
86,1080.0,544.05,2,1,1,1,1,1,0,0,2,0
87,1404.0,292.95,3,2,1,1,1,1,0,1,0,0
88,630.0,279.0,2,1,1,1,0,0,0,0,1,0
89,792.0,287.37,2,1,1,1,1,1,0,0,0,0
90,846.0,563.58,3,1,1,1,1,1,0,0,0,0
91,1044.0,548.7,4,2,2,0,0,1,0,0,1,0
92,2934.0,690.06,4,1,2,1,1,1,0,1,2,0
93,2304.0,790.5,3,2,4,1,0,0,0,1,2,0
94,2223.0,748.65,3,1,1,1,1,1,0,1,1,0
95,702.0,632.4,2,1,1,1,0,0,0,0,0,0
96,970.2,767.25,3,1,1,1,0,0,0,0,2,0
97,1078.2,767.25,3,1,1,1,0,1,0,0,3,0
98,630.0,325.5,2,1,1,1,1,0,0,0,0,0
99,774.0,263.655,2,1,1,1,0,0,0,0,0,0
100,1026.0,418.5,3,2,2,0,0,1,0,1,0,0
101,1422.0,306.9,3,3,2,1,0,1,0,0,0,0
102,2250.0,401.76,3,1,2,1,0,1,1,0,2,0
103,2376.0,325.5,4,2,2,1,0,0,1,0,2,0
104,1044.0,464.256,3,2,2,1,0,0,0,0,2,0
105,774.0,427.8,2,1,1,1,0,0,0,0,0,0
106,864.0,345.96,2,1,1,0,0,0,0,1,0,0
107,1053.0,342.24,3,2,2,1,0,0,0,0,0,0
108,1314.0,279.0,3,2,2,1,1,1,0,0,0,0
109,1143.0,348.75,2,1,1,1,1,1,0,0,0,0
110,774.0,472.068,3,1,1,0,0,0,0,0,0,0
111,837.0,418.5,2,1,1,0,0,0,0,0,0,0
112,1656.0,465.0,3,1,2,1,0,0,0,1,0,0
113,1350.0,396.18,4,1,2,1,0,1,0,1,0,0
114,1350.0,608.22,4,2,2,0,0,0,0,1,0,0
115,1530.0,344.1,4,1,2,1,1,0,0,1,0,0
116,1674.0,349.68,3,1,2,1,0,0,1,0,2,0
117,1701.0,372.0,3,2,2,1,0,1,0,1,1,0
118,1917.0,399.9,3,2,2,1,0,1,0,0,1,0
119,2088.0,636.12,5,1,2,1,1,1,0,1,1,0
120,1107.0,409.2,2,1,1,1,0,0,0,0,1,0
121,1440.0,976.5,4,2,2,1,0,0,0,0,1,0
122,666.0,409.2,2,1,1,1,0,0,0,0,0,0
123,1071.0,450.12,3,1,2,1,0,0,0,0,1,0
124,1260.0,383.16,2,1,1,1,0,1,0,0,1,0
125,1710.0,396.18,4,2,2,1,0,0,1,0,0,0
126,2106.0,554.28,3,3,2,1,1,1,0,0,1,0
127,2205.0,818.4,3,2,2,1,0,0,0,1,2,0
128,2223.0,424.08,3,2,2,1,1,1,0,1,1,0
129,2286.0,427.8,3,2,2,1,1,0,0,1,2,0
130,630.0,450.12,2,1,2,1,0,0,0,0,0,0
131,801.0,358.05,3,1,2,1,0,0,0,0,0,0
132,898.2,455.7,3,1,2,0,0,0,0,0,0,0
133,909.0,358.05,3,1,1,1,0,0,0,0,2,0
134,1170.0,349.68,3,1,1,1,0,0,0,0,2,0
135,1620.0,558.0,4,2,4,1,0,0,0,0,1,0
136,828.0,406.41,3,1,2,1,0,0,0,0,0,0
137,630.0,716.1,2,1,1,1,0,0,0,0,0,0
138,477.0,278.07,2,1,1,0,0,0,0,0,1,0
139,774.0,348.75,3,1,2,1,0,0,0,0,0,0
140,1008.0,279.0,3,1,2,1,0,0,0,0,0,0
141,720.0,246.45,3,1,2,1,0,1,0,0,1,0
142,918.0,418.5,4,2,2,1,0,1,0,0,2,0
143,918.0,418.5,2,1,1,0,0,0,0,0,0,0
144,1030.5,418.5,3,1,2,0,0,1,0,1,0,0
145,792.0,418.5,2,1,2,1,0,0,1,0,1,0
146,1098.0,202.275,3,1,2,0,1,1,0,1,0,0
147,1116.0,418.5,3,2,3,1,0,0,1,0,1,0
148,1440.0,446.4,5,2,3,0,0,1,1,0,0,0
149,900.0,427.8,4,1,2,1,0,0,0,0,0,0
150,1078.2,320.85,3,1,2,1,0,0,0,0,1,0
151,639.0,279.0,3,1,2,0,0,0,0,0,0,0
152,666.0,334.8,2,2,2,1,0,1,0,0,1,0
153,756.0,334.8,3,1,2,0,0,0,0,0,1,0
154,864.0,348.75,3,1,1,1,0,0,0,0,0,0
155,1080.0,242.73,4,3,2,0,0,0,0,0,0,0
156,1080.0,274.629,3,1,2,1,0,1,0,1,0,0
157,1080.0,255.471,4,2,2,0,0,0,0,0,0,0
158,1116.0,177.165,5,1,2,0,0,1,0,0,0,0
159,1134.0,369.024,3,1,2,0,0,0,0,0,0,0
160,1150.2,294.066,3,1,2,1,0,0,0,1,1,0
161,2340.0,558.0,4,1,2,1,0,1,0,0,2,0
162,450.0,270.63,3,1,1,0,0,0,0,0,0,0
163,900.0,198.555,3,2,2,0,0,0,0,0,0,0
164,952.2,290.16,3,1,2,0,0,1,1,0,0,0
165,1116.0,378.975,3,1,1,1,1,1,0,0,2,0
166,1323.0,317.13,3,1,2,0,0,0,0,1,0,0
167,684.0,260.4,3,1,1,1,0,0,0,0,0,0
168,828.0,249.612,2,1,1,1,0,0,0,1,1,0
169,864.0,288.3,3,1,2,0,0,1,0,0,0,0
170,945.0,337.59,2,1,1,1,0,1,0,0,0,0
171,576.0,181.35,3,1,1,0,0,0,1,0,0,0
172,684.0,225.99,3,1,1,0,0,0,0,0,0,0
173,828.0,401.76,3,1,1,0,0,0,0,0,1,0
174,900.0,282.348,3,1,2,1,0,1,0,0,0,0
175,1035.0,337.59,3,2,2,1,0,0,1,0,2,0
176,1260.0,502.2,4,1,2,1,0,0,0,0,0,0
177,1258.2,318.06,4,2,2,1,0,1,0,1,2,0
178,1341.0,295.74,3,2,2,1,0,0,0,0,2,0
179,756.0,340.38,4,1,2,0,0,0,0,0,0,0
180,1080.0,410.13,2,1,1,0,0,0,0,0,1,0
181,900.0,371.07,3,1,2,1,0,0,0,0,0,0
182,1044.0,403.62,3,1,1,1,0,0,0,0,0,0
183,1150.2,326.43,3,1,2,1,0,0,0,0,0,0
184,504.0,318.06,5,1,2,0,0,0,0,0,0,0
185,972.0,318.06,2,1,2,1,0,0,1,0,1,0
186,804.6,511.03499999999997,3,1,1,1,0,1,0,0,0,0
187,846.0,323.64,4,1,2,0,0,0,0,0,1,0
188,900.0,690.432,3,1,1,0,0,0,0,0,0,0
189,1030.5,321.78,4,1,2,1,0,0,0,1,0,0
190,1206.0,337.59,3,1,2,1,0,0,0,0,2,0
191,945.0,337.59,2,1,1,1,0,0,0,1,0,0
192,756.0,323.64,3,1,2,0,0,0,0,0,1,0
193,1035.0,321.78,3,2,1,1,0,1,0,1,1,0
194,594.0,295.74,2,1,1,1,0,0,0,0,0,0
195,619.2,338.055,2,1,1,0,0,0,0,0,0,0
196,720.0,368.28,3,1,1,1,0,0,0,0,0,0
197,729.0,404.55,3,1,2,0,0,0,1,0,1,0
198,837.0,365.49,2,1,1,0,0,0,0,0,0,0
199,936.0,332.01,3,1,2,1,0,1,0,0,0,0
200,954.0,334.8,3,1,1,1,0,0,0,0,1,0
201,970.2,234.35999999999999,5,2,1,0,0,1,0,1,1,0
202,900.0,323.64,3,1,1,0,0,0,0,1,0,0
203,999.0,295.74,4,2,2,1,0,0,0,0,0,0
204,1008.0,305.96999999999997,2,1,1,1,0,0,1,0,1,0
205,1080.0,372.0,4,2,2,0,0,0,0,0,0,0
206,1080.0,216.225,3,1,2,0,0,0,0,0,0,0
207,1251.0,404.55,2,1,1,1,0,1,0,0,0,0
208,1296.0,329.21999999999997,2,1,1,0,1,1,0,0,0,0
209,1665.0,368.28,3,1,1,1,0,1,0,0,2,0
210,729.0,245.52,2,1,1,0,0,0,0,0,1,0
211,756.0,251.1,2,1,1,0,0,0,0,0,0,0
212,862.2,251.1,3,1,1,0,0,0,0,0,0,0
213,936.0,295.74,3,1,2,0,0,1,0,0,0,0
214,1116.0,325.5,4,1,2,1,0,0,0,0,2,0
215,738.0,337.59,2,1,1,1,0,0,0,0,0,0
216,2489.4,558.0,4,3,2,1,1,1,1,0,2,0
217,756.0,292.95,3,1,2,0,0,0,0,0,0,0
218,846.0,352.656,4,1,2,1,0,0,0,0,0,0
219,1161.0,326.43,3,1,3,1,0,0,0,0,0,0
220,828.0,290.16,3,1,2,0,0,0,0,0,0,0
221,1044.0,279.0,4,1,3,1,0,1,0,1,2,0
222,1261.8,390.6,3,1,2,1,0,0,0,0,1,0
223,1413.0,261.981,4,2,2,0,1,1,0,0,1,0
224,1570.5,301.32,4,1,3,1,0,0,0,0,1,0
225,1274.4,260.4,3,2,2,0,0,1,0,1,1,0
226,1008.0,354.888,2,1,1,1,0,1,0,1,2,0
227,864.0,296.205,2,1,1,1,0,1,0,0,2,0
228,1224.0,587.853,3,1,2,1,0,1,0,1,1,0
229,1422.0,339.45,3,2,2,1,0,0,0,0,2,0
230,1440.0,437.1,4,1,2,1,1,1,0,1,1,0
231,1566.0,615.195,4,2,2,1,1,0,1,0,1,0
232,450.0,358.05,3,1,2,1,0,0,0,0,0,0
233,585.0,369.21,1,1,1,0,0,0,0,0,0,0
234,648.0,279.0,2,1,2,1,0,0,0,0,0,0
235,765.0,404.736,4,1,2,0,0,0,0,0,1,0
236,774.0,337.59,4,1,2,1,0,0,0,0,3,0
237,900.0,334.8,6,1,2,1,0,0,0,0,1,0
238,468.0,279.0,2,1,1,1,0,1,0,0,2,0
239,540.0,279.0,4,1,2,1,0,0,0,0,0,0
240,612.0,259.191,4,2,2,1,0,0,0,0,0,0
241,936.0,279.0,2,1,2,1,0,0,0,1,0,0
242,1260.0,443.61,3,1,1,1,1,1,0,0,0,0
243,486.0,339.35699999999997,2,1,1,1,0,0,0,0,0,0
244,585.0,369.21,3,1,2,1,0,1,0,0,0,0
245,669.6,270.63,2,1,1,0,0,0,0,0,0,0
246,684.0,323.64,2,1,1,1,0,0,0,0,1,0
247,756.0,615.195,3,1,2,1,0,0,0,0,0,0
248,801.0,325.5,2,1,1,1,0,0,0,0,0,0
249,810.0,320.85,3,1,2,1,0,1,0,0,0,0
250,873.0,320.85,3,1,1,1,0,1,0,0,2,0
251,936.0,327.36,2,2,1,1,0,1,0,0,0,0
252,970.2,644.49,4,1,2,0,0,0,0,0,1,0
253,1080.0,427.8,3,2,2,1,0,0,0,1,1,0
254,1098.0,405.48,4,1,2,1,0,0,0,0,0,0
255,1161.0,320.85,3,1,2,1,0,1,0,0,1,0
256,1278.0,410.13,4,3,2,1,0,1,0,0,2,0
257,1359.0,427.8,2,2,1,1,0,0,0,1,2,0
258,603.0,338.52,2,1,1,1,0,0,0,0,0,0
259,738.0,558.0,2,1,1,1,0,0,0,0,0,0
260,738.0,502.2,4,1,2,1,0,0,0,0,0,0
261,831.6,338.52,4,1,2,1,0,1,0,0,0,0
262,873.0,338.52,2,1,1,1,0,0,0,0,0,0
263,880.2,375.71999999999997,2,1,1,1,0,0,0,0,0,0
264,900.0,338.52,2,1,1,1,0,0,0,0,1,0
265,918.0,338.52,2,1,1,1,0,0,0,0,0,0
266,945.0,524.52,2,1,1,0,0,0,0,0,0,0
267,945.0,334.8,2,1,1,1,0,0,0,0,0,0
268,972.0,334.8,2,1,1,1,0,0,0,0,0,0
269,1062.0,430.776,4,1,2,1,0,0,0,1,0,0
270,1080.0,338.52,3,2,2,1,0,1,0,0,0,0
271,1134.0,455.7,2,1,2,1,0,1,0,0,0,0
272,1152.0,419.43,4,1,2,1,0,0,0,1,2,0
273,1168.2,381.3,2,2,1,1,1,1,0,0,0,0
274,1170.0,338.52,3,1,2,1,0,0,0,1,0,0
275,1188.0,528.24,3,1,2,1,1,0,0,1,1,0
276,1260.0,585.9,3,1,1,1,0,0,0,1,2,0
277,1179.0,372.0,3,1,2,1,0,0,0,0,1,0
278,1026.0,368.28,3,1,2,1,0,0,0,0,0,0
279,936.0,554.28,3,1,2,1,1,1,0,0,0,0
280,972.0,542.1899999999999,2,1,1,1,0,0,0,0,2,0
281,1341.0,418.5,4,2,1,0,0,1,0,1,2,0
282,1620.0,381.3,3,2,3,1,0,0,0,1,2,0
283,810.0,627.75,2,1,1,1,0,0,0,0,0,0
284,810.0,837.0,3,1,2,1,0,0,0,0,2,0
285,1170.0,237.15,3,1,2,1,0,1,0,0,0,0
286,990.0,665.136,3,1,2,1,0,0,0,1,0,0
287,1116.0,599.85,4,1,2,1,0,0,0,0,0,0
288,540.0,312.48,2,1,1,1,0,0,0,0,1,0
289,612.0,303.552,2,1,1,1,0,0,0,0,0,0
290,684.0,372.0,3,1,1,1,0,0,0,0,0,0
291,702.0,372.0,3,1,2,1,0,0,0,0,1,0
292,810.0,285.417,2,1,1,1,0,0,0,0,1,0
293,846.0,375.71999999999997,2,1,1,1,0,0,0,0,0,0
294,855.0,375.71999999999997,2,1,1,1,0,0,0,0,1,0
295,882.0,296.205,2,1,1,1,0,0,0,0,2,0
296,900.0,548.7,2,1,1,1,0,0,0,0,1,0
297,900.0,290.16,3,1,2,1,0,0,0,0,1,0
298,952.2,506.85,2,1,1,1,0,0,0,0,0,0
299,954.0,375.71999999999997,2,1,1,1,0,0,0,0,0,0
300,990.0,379.44,2,1,1,1,0,0,0,0,0,0
301,1008.0,751.4399999999999,3,1,1,1,0,0,0,1,2,0
302,1053.0,375.71999999999997,2,1,2,1,0,0,0,0,1,0
303,1071.0,379.44,3,1,2,1,0,0,0,0,2,0
304,1080.0,539.4,3,1,1,1,0,0,1,0,2,0
305,1152.0,547.305,2,1,1,1,0,0,0,1,1,0
306,1206.0,899.031,4,2,2,1,1,1,0,0,1,0
307,1225.8,318.06,4,2,2,1,0,0,0,0,0,0
308,1260.0,539.4,2,1,1,1,1,1,0,1,0,0
309,1296.0,706.8,4,1,2,1,0,0,0,1,2,0
310,1035.0,502.2,3,1,1,1,0,0,0,0,3,0
311,1258.2,464.535,4,2,1,1,0,1,0,0,0,0
312,1260.0,279.0,3,1,2,1,0,1,0,1,0,0
313,1350.0,511.5,3,2,1,1,0,1,0,0,0,0
314,1384.2,599.85,3,2,1,1,1,1,1,0,0,0
315,1404.0,577.53,4,1,4,1,1,0,0,1,0,0
316,1440.0,465.0,3,1,4,1,0,0,0,0,0,0
317,1476.0,465.0,3,1,3,1,0,0,0,1,0,0
318,1494.0,542.004,4,1,4,1,1,0,0,0,0,0
319,1494.0,483.6,3,1,3,1,0,0,0,1,0,0
320,1510.2,511.5,3,1,3,1,1,0,0,1,1,0
321,1593.0,590.55,3,2,3,1,1,0,0,1,0,0
322,1674.0,767.25,3,2,3,1,0,0,0,1,0,0
323,1764.0,558.0,3,1,1,1,0,0,0,1,1,0
324,1773.0,716.1,3,2,1,1,0,0,0,0,2,0
325,1782.0,825.84,3,2,2,1,0,1,0,1,1,0
326,1818.0,825.84,2,1,1,1,0,0,0,1,1,0
327,1980.0,602.64,3,2,4,1,0,0,0,1,2,0
328,2077.956,651.0,3,2,4,1,0,0,0,1,2,0
329,2160.0,825.375,3,1,1,1,0,0,0,0,1,0
330,2232.0,665.415,3,2,1,1,1,1,0,1,2,0
331,3150.0,833.28,4,4,4,1,0,0,0,1,3,0
332,900.0,683.55,2,1,1,1,0,0,0,0,1,0
333,990.0,358.05,2,1,1,1,0,0,0,0,0,0
334,1080.0,651.0,3,1,1,1,0,0,0,0,3,0
335,1098.0,722.61,2,1,1,1,0,0,0,0,1,0
336,1908.0,691.92,3,2,1,1,1,1,0,1,0,1
337,2790.0,697.5,3,3,1,1,0,1,0,1,2,1
338,2538.0,753.3,4,1,2,1,1,1,0,1,2,1
339,1125.0,362.7,3,1,2,1,0,0,0,0,0,0
340,1260.0,276.21,3,1,3,1,0,0,0,0,0,0
341,1314.0,279.0,3,1,2,1,0,1,0,0,0,0
342,1440.0,976.5,2,1,1,1,0,0,0,0,1,0
343,1440.0,511.5,3,2,2,1,0,0,0,0,1,0
344,1584.0,418.5,3,1,4,1,0,0,0,1,0,0
345,882.0,358.05,3,1,1,1,0,0,0,0,0,0
346,936.0,384.09,3,2,2,1,0,0,0,0,2,0
347,1071.0,376.278,3,1,2,1,0,1,0,0,1,0
348,1080.0,379.347,3,1,3,1,0,0,0,0,0,0
349,1152.0,372.0,3,1,2,1,0,0,0,0,2,0
350,1161.0,916.98,3,1,1,1,0,0,0,0,0,0
351,1233.0,651.0,3,1,2,1,0,1,0,0,0,0
352,1413.0,742.14,3,1,1,1,0,0,0,0,2,0
353,1548.0,632.4,2,1,1,1,1,1,0,0,2,0
354,1564.2,399.9,6,2,2,1,0,0,0,0,0,0
355,1350.0,955.0169999999999,3,1,1,1,0,0,0,0,1,1
356,1404.0,567.3,3,1,3,1,1,0,0,1,0,1
357,1710.0,597.06,3,2,3,1,0,0,0,1,0,1
358,1746.0,1124.37,4,2,2,1,0,0,0,0,2,1
359,1926.0,613.8,3,1,4,1,0,0,0,1,3,1
360,2340.0,613.8,4,2,2,1,1,1,0,1,1,1
361,2610.0,797.9399999999999,4,3,4,1,0,0,0,1,2,1
362,3150.0,926.28,3,2,2,1,0,1,0,0,2,1
363,1296.0,995.1,3,1,2,1,1,1,0,0,0,0
364,1528.2,1450.8,3,1,1,1,0,0,0,1,2,0
365,1782.0,1227.6,2,1,1,1,0,1,1,0,1,0
366,2052.0,837.0,4,2,4,1,0,0,0,1,2,0
367,2160.0,739.35,5,2,2,1,0,1,1,0,2,0
368,2610.0,1506.6,5,3,2,1,0,0,0,0,0,0
369,1422.0,567.3,3,2,1,1,0,1,0,0,2,1
370,1476.0,591.48,3,1,1,1,1,1,0,1,2,1
371,1530.0,597.06,3,1,1,1,0,1,0,1,0,1
372,1809.0,591.48,4,2,3,1,0,0,0,1,2,1
373,2196.0,608.22,4,2,2,1,1,1,0,1,2,1
374,2277.0,597.06,3,2,2,1,0,0,0,1,1,1
375,2394.0,609.15,4,2,2,1,0,0,0,1,1,1
376,2520.0,534.75,3,2,4,1,1,0,0,1,1,1
377,3420.0,690.06,4,2,3,1,0,0,0,1,2,1
378,1512.0,665.88,3,1,1,1,0,1,0,0,2,1
379,1746.0,372.0,3,2,2,1,0,1,0,1,0,1
380,1863.0,837.0,4,2,4,1,1,0,0,1,1,1
381,2025.0,609.15,3,1,2,1,0,1,0,1,0,1
382,2520.0,1227.6,3,1,2,1,0,1,0,1,2,1
383,1344.6,658.905,3,1,1,1,1,1,0,0,2,1
384,1404.0,613.8,4,2,2,1,1,1,0,0,0,1
385,1420.2,641.7,3,1,1,1,1,1,0,0,0,1
386,1510.2,1065.78,3,1,3,1,0,0,0,0,2,1
387,1530.0,652.86,3,1,1,1,0,1,0,1,2,1
388,1530.0,608.22,3,1,1,1,1,1,0,0,2,1
389,1548.0,744.0,3,1,1,1,1,1,0,1,2,1
390,1564.2,894.66,3,1,1,1,0,1,0,0,2,1
391,1701.0,976.5,3,2,1,1,0,1,0,1,1,1
392,1728.0,466.86,3,1,4,1,0,0,0,1,0,1
393,1908.0,691.92,3,2,4,1,0,0,0,0,1,1
394,1296.0,613.8,3,1,1,1,1,1,0,0,0,1
395,1341.0,669.6,3,1,2,1,1,1,0,0,1,1
396,1386.0,624.03,3,2,2,1,1,1,0,0,1,1
397,1453.5,619.38,4,2,2,1,1,1,0,0,1,1
398,1492.2,651.0,3,1,1,1,0,1,0,0,2,1
399,1530.0,672.483,3,1,2,1,1,1,0,1,0,1
400,1665.0,689.13,3,1,1,1,1,1,0,1,2,1
401,1368.0,725.4,3,1,1,1,0,1,0,1,2,1
402,1395.0,634.725,3,1,1,1,1,1,0,1,0,1
403,1440.0,591.48,3,1,3,1,0,0,0,0,0,1
404,1440.0,613.8,4,2,1,1,0,1,0,0,0,1
405,1548.0,641.7,3,2,1,1,1,1,0,0,0,1
406,1566.0,613.8,3,1,1,1,1,1,0,0,2,1
407,1575.0,597.06,3,1,3,1,0,1,0,0,0,1
408,1602.0,613.8,3,2,1,1,0,1,0,1,0,1
409,1618.2,613.8,3,2,3,1,0,0,0,1,0,1
410,1620.0,837.0,3,1,1,1,0,1,0,0,1,1
411,1710.0,604.5,3,2,3,1,0,0,0,1,0,1
412,2016.0,591.48,3,2,4,1,0,0,0,1,0,1
413,574.2,492.9,3,1,1,0,0,0,0,1,0,1
414,936.0,265.05,3,2,2,0,0,1,0,0,0,1
415,1620.0,595.2,3,1,1,1,1,1,0,1,1,1
416,1800.0,1039.275,3,1,1,1,0,1,0,1,1,1
417,1650.6,627.75,2,1,1,1,1,1,0,0,2,1
418,3141.0,697.5,4,2,2,1,0,1,0,1,3,1
419,1704.6,558.0,3,1,2,1,0,0,1,0,1,1
420,1224.0,952.3199999999999,2,1,1,1,0,0,0,1,2,1
421,1440.0,477.648,3,1,2,1,1,1,0,1,0,1
422,1099.8,316.2,3,1,2,1,0,1,0,0,2,1
423,1132.2,267.84,3,1,2,1,0,0,0,0,0,1
424,1179.0,357.12,3,1,2,1,0,0,0,0,1,1
425,1188.0,266.91,2,1,2,1,1,1,0,0,0,1
426,891.0,494.76,2,1,1,1,0,0,0,0,1,1
427,900.0,326.616,2,1,1,1,0,0,0,0,1,1
428,963.0,323.64,2,1,1,1,0,0,0,0,0,1
429,1053.9,334.8,3,1,1,1,0,1,0,1,0,1
430,1161.0,327.36,2,1,2,1,0,0,0,0,0,1
431,1170.0,494.76,3,1,2,1,1,1,0,0,0,1
432,1242.0,561.72,3,1,1,1,0,0,0,0,2,1
433,1314.0,1061.1299999999999,2,1,2,1,0,0,0,0,0,1
434,1350.0,781.2,3,1,2,1,1,1,0,1,2,1
435,1350.0,492.9,4,2,1,1,0,0,0,1,0,1
436,2376.0,725.4,3,2,2,1,0,0,0,0,0,1
437,1080.0,327.36,3,1,2,1,0,0,0,0,0,1
438,1170.0,498.48,3,1,2,1,0,0,0,0,2,1
439,1242.0,638.1659999999999,3,1,2,1,0,0,0,1,2,1
440,934.2,327.36,3,1,1,1,0,0,0,0,2,1
441,1026.0,376.65,2,1,2,1,1,1,0,0,0,1
442,1170.0,327.36,3,1,1,1,0,0,0,0,0,1
443,1431.0,409.2,4,1,2,1,0,0,0,1,2,1
444,1305.0,531.96,2,1,2,1,0,0,0,1,0,1
445,1888.2,1063.92,4,1,2,1,0,1,0,0,1,1
446,2068.2,695.826,3,2,3,1,0,0,1,0,1,1
447,2160.0,511.5,4,2,2,1,0,1,0,1,1,1
448,1044.0,401.76,3,1,2,1,0,0,0,0,2,1
449,1206.0,502.2,2,1,2,1,0,0,0,0,0,1
450,1206.0,401.76,3,1,1,1,0,0,0,0,0,1
451,1242.0,447.795,2,1,1,1,0,0,0,1,0,1
452,1314.0,567.3,3,1,1,1,0,1,0,1,0,1
453,1323.0,742.14,3,1,1,1,0,0,0,0,1,1
454,1348.2,562.65,3,1,1,1,0,1,0,0,0,1
455,1350.0,353.4,3,1,2,1,1,1,0,0,1,1
456,1431.0,502.2,5,1,2,1,1,1,0,1,0,1
457,2176.2,558.0,3,2,4,1,1,1,0,1,0,1
458,801.99,223.014,3,1,1,1,0,0,0,0,0,1
459,846.0,199.48499999999999,3,1,2,1,0,1,0,0,0,1
460,856.8,199.48499999999999,3,1,2,1,0,1,0,0,0,1
461,882.0,199.48499999999999,3,1,3,1,0,0,0,0,0,1
462,882.0,242.73,3,1,2,1,0,1,0,0,0,1
463,882.0,181.35,3,2,2,1,0,1,0,0,0,1
464,891.0,199.48499999999999,3,1,3,1,0,0,0,0,0,1
465,936.0,211.575,3,1,3,1,0,0,1,1,0,1
466,972.0,265.608,3,1,3,1,0,0,0,0,0,1
467,990.0,187.395,3,1,2,1,0,1,0,0,0,1
468,990.0,202.368,2,1,2,1,1,0,0,0,0,1
469,1008.0,199.48499999999999,4,2,1,1,0,1,0,0,0,1
470,1080.0,199.48499999999999,3,1,3,1,0,0,0,0,1,1
471,1089.0,259.191,3,1,1,1,0,1,0,0,0,1
472,900.0,883.5,3,1,2,1,0,0,0,0,3,1
473,1168.2,464.07,4,2,2,1,1,1,0,0,0,1
474,1674.0,620.31,3,1,3,1,0,1,0,0,0,1
475,1530.0,581.622,4,2,1,1,0,1,0,0,1,1
476,1107.0,963.48,2,1,1,1,0,0,0,0,1,1
477,1593.0,511.5,3,2,1,1,1,1,0,0,2,1
478,1584.0,506.85,4,2,1,1,0,1,0,1,0,1
479,1602.0,511.5,3,1,3,1,0,0,0,0,1,1
480,1611.0,558.0,4,1,3,1,1,1,0,0,0,1
481,1710.0,530.1,3,1,1,1,1,1,0,1,2,1
482,1719.0,613.8,2,2,4,1,0,1,0,0,0,1
483,927.0,372.0,2,1,1,1,0,0,0,0,0,1
484,1132.2,453.84,3,1,1,1,0,0,0,0,2,1
485,2133.0,453.84,4,2,2,1,0,0,0,1,1,1
486,772.2,748.65,2,1,1,1,0,0,0,0,0,0
487,793.8,753.3,2,1,1,1,0,0,0,0,1,0
488,846.0,546.84,3,1,1,1,0,0,0,0,1,0
489,900.0,546.84,2,1,1,1,0,0,0,0,0,0
490,900.0,1203.792,3,1,1,1,0,0,0,0,0,0
491,954.0,559.86,3,1,1,1,0,0,0,0,0,0
492,954.0,376.65,2,1,1,1,0,0,0,0,0,0
493,972.0,781.2,2,1,1,1,0,0,0,0,1,0
494,1053.0,520.8,2,1,1,1,0,0,0,1,0,0
495,1062.0,556.605,3,1,1,1,0,1,0,0,0,0
496,1080.0,418.5,3,1,1,1,0,1,0,0,0,0
497,1132.2,457.56,3,1,2,1,0,0,0,0,1,0
498,1152.0,767.25,3,1,1,1,0,0,0,0,0,0
499,1170.0,781.2,4,1,4,1,0,0,0,0,3,0
500,1222.2,598.92,2,1,1,1,0,0,0,1,3,0
501,1233.0,753.3,4,1,4,1,0,1,0,1,2,0
502,1260.0,624.96,3,1,1,1,0,0,0,0,0,0
503,1269.0,553.164,3,1,2,1,0,0,0,1,0,0
504,1287.0,757.95,3,2,1,1,1,1,0,0,0,0
505,1294.2,446.4,2,1,1,1,1,1,0,0,0,0
506,1350.0,911.4,4,2,2,1,1,0,0,0,2,0
507,1350.0,792.36,3,1,1,1,0,0,0,1,2,0
508,1566.0,778.596,3,1,3,1,0,0,0,1,2,0
509,1152.0,375.71999999999997,3,1,2,1,0,0,0,0,1,0
510,1260.0,432.078,3,1,2,1,1,1,0,0,2,0
511,855.0,444.075,4,1,2,1,0,0,0,0,0,0
512,1126.8,460.35,4,1,2,1,0,0,0,1,0,0
513,1188.0,465.93,3,1,2,1,0,1,0,0,0,0
514,1060.2,563.58,2,1,1,1,0,1,0,0,1,0
515,954.0,333.312,2,1,1,1,0,0,1,0,0,0
516,1710.0,558.0,3,2,3,1,1,0,0,1,0,0
517,1737.0,558.0,4,2,4,1,0,0,0,1,0,0
518,1818.0,580.32,4,2,2,1,0,0,0,1,1,0
519,1836.0,558.0,3,2,2,1,1,0,0,0,1,0
520,1854.0,714.24,4,2,4,1,1,0,0,1,1,0
521,1890.0,558.0,4,2,4,1,1,0,0,1,1,0
522,1944.0,558.0,4,2,4,1,0,0,0,1,1,0
523,1980.0,558.0,4,2,4,1,0,0,0,0,2,0
524,2034.0,558.0,4,2,4,1,0,0,0,1,1,0
525,2160.0,695.175,3,2,4,1,0,0,0,1,2,0
526,1890.0,478.95,3,2,4,1,0,0,0,1,2,0
527,1908.0,588.225,3,1,4,1,0,0,0,1,1,0
528,1935.0,558.0,3,2,4,1,0,0,0,1,1,0
529,1944.0,558.0,3,2,3,1,0,0,0,1,0,0
530,2047.5,558.0,3,1,4,1,1,0,0,1,2,0
531,2160.0,651.0,3,1,4,1,0,0,0,1,2,0
532,1260.0,1199.7,3,1,1,1,0,0,0,0,2,0
533,1278.0,714.798,3,1,1,1,1,1,1,0,0,0
534,1476.0,465.0,3,1,3,1,0,0,0,1,0,0
535,1476.0,539.4,3,2,4,1,0,0,0,1,0,0
536,1485.0,558.0,3,2,4,1,0,0,0,1,0,0
537,1494.0,446.4,3,1,3,1,0,0,0,1,0,0
538,1512.0,604.5,3,2,3,1,0,0,0,1,0,0
539,1530.0,680.76,4,2,2,1,0,0,0,0,0,0
540,1530.0,606.825,3,2,4,1,0,0,0,0,1,0
541,1647.0,446.4,3,2,4,1,1,0,0,1,0,0
542,1692.0,558.0,3,2,4,1,0,0,0,1,0,0
543,1854.0,558.0,3,2,4,1,1,0,0,1,1,0
544,1890.0,558.0,3,2,2,1,1,0,0,1,1,0
545,1890.0,558.0,3,1,2,1,0,0,0,1,1,0
